CustomerId;LastChanged
1;2019-03-14
2;2007-02-26
3;2007-04-27
4;2019-08-19
5;2010-02-09
7;2019-10-18
8;2011-02-09
9;2014-07-23
10;2019-12-11
11;2019-10-15
12;2019-09-27
13;2008-05-30
14;2019-11-27
15;2014-07-23
16;2007-01-12
17;2019-11-28
20;2018-10-30
24;2011-01-25
27;2019-12-18
31;2019-10-17
34;2007-04-23
40;2008-10-09
44;2019-08-08
49;2007-01-22
50;2010-01-04
70;2015-06-03
84;2019-10-11
87;2019-01-14
93;2019-07-01
98;2019-11-20
100;2010-01-07
107;2019-11-27
110;2007-01-09
111;2019-10-29
118;2019-05-15
131;2014-08-19
157;2009-08-24
163;2009-03-12
175;2019-11-28
177;2009-06-15
184;2008-03-03
187;2014-07-23
196;2014-07-23
217;2019-11-04
226;2019-12-02
228;2008-10-13
275;2008-03-18
278;2019-10-24
282;2014-07-23
286;2018-11-14
287;2019-08-13
291;2019-11-26
298;2019-09-30
306;2017-09-14
308;2019-06-11
309;2016-12-06
311;2019-04-08
318;2019-04-11
319;2014-09-16
323;2019-10-21
335;2014-07-23
343;2015-03-26
344;2019-08-08
351;2019-11-13
359;2019-10-17
362;2019-09-04
373;2019-11-18
377;2016-01-05
393;2014-10-01
410;2017-09-21
413;2019-03-12
421;2009-04-28
422;2019-03-11
425;2016-06-01
435;2019-04-26
439;2019-03-18
443;2019-09-19
445;2019-09-11
446;2019-09-11
453;2019-11-06
455;2019-07-01
456;2019-08-16
458;2009-05-13
465;2019-07-05
472;2019-08-12
476;2019-11-12
493;2019-11-08
503;2019-07-29
505;2007-01-12
506;2019-11-28
509;2019-11-06
510;2019-11-07
512;2019-09-25
555;2019-12-13
557;2019-12-12
558;2019-11-07
560;2019-10-08
564;2019-07-09
565;2014-08-07
566;2014-08-07
567;2019-11-04
568;2019-10-11
569;2014-08-07
573;2019-06-16
579;2019-11-25
585;2014-08-07
586;2014-08-07
588;2013-10-07
592;2015-10-08
601;2017-09-13
609;2014-08-07
610;2019-10-28
614;2019-11-08
615;2019-08-11
616;2019-05-02
617;2019-11-07
619;2014-08-07
621;2014-06-27
622;2014-08-07
623;2014-08-07
624;2014-08-07
627;2019-09-04
631;2019-11-07
640;2019-03-19
643;2016-12-21
646;2019-07-11
648;2016-03-17
649;2014-08-07
650;2014-08-07
654;2019-11-13
656;2014-08-19
658;2017-11-22
661;2014-08-07
662;2014-08-07
666;2014-08-07
670;2015-09-21
678;2014-08-07
682;2019-08-27
686;2014-08-07
688;2014-08-07
691;2019-09-18
692;2014-08-07
694;2019-05-09
696;2014-08-07
705;2014-08-07
706;2014-08-07
708;2019-07-01
711;2019-01-07
713;2014-08-07
714;2007-04-11
716;2019-12-11
718;2014-08-07
720;2016-09-16
722;2018-06-27
723;2017-10-02
724;2019-12-09
727;2014-08-07
732;2018-03-05
733;2019-01-24
745;2014-08-07
752;2014-08-07
759;2014-08-07
760;2019-05-10
763;2019-08-22
764;2014-08-07
766;2019-12-18
767;2009-03-23
768;2019-06-26
769;2016-11-01
770;2014-08-07
771;2014-08-07
776;2018-10-18
780;2019-01-14
784;2014-08-07
790;2019-07-02
791;2019-08-29
792;2019-04-09
793;2018-06-20
794;2014-08-07
795;2015-04-01
796;2014-08-07
797;2019-12-16
798;2019-09-17
799;2019-10-01
801;2014-08-07
802;2015-01-19
804;2019-08-14
805;2019-05-29
806;2019-01-28
807;2012-04-27
808;2019-11-26
810;2019-08-13
811;2007-01-09
812;2019-12-16
813;2007-01-09
814;2012-11-27
815;2018-06-04
816;2010-02-18
817;2012-08-20
818;2014-02-05
819;2019-01-16
820;2019-09-25
821;2011-03-24
822;2019-12-06
823;2018-10-22
824;2019-11-08
825;2019-09-18
826;2012-08-21
827;2018-04-16
828;2016-09-19
829;2019-09-30
830;2007-01-09
831;2019-07-02
832;2019-09-17
833;2012-08-20
834;2017-02-27
835;2007-03-05
836;2019-07-09
837;2007-01-22
838;2018-11-12
839;2019-07-02
840;2007-03-14
841;2007-03-14
842;2019-01-14
843;2014-05-26
844;2007-03-23
845;2010-01-07
846;2019-10-18
847;2007-04-03
848;2012-08-20
850;2019-10-30
851;2014-02-05
852;2013-08-15
853;2010-02-18
854;2013-02-01
855;2019-03-15
856;2007-08-22
857;2019-07-10
858;2019-08-01
859;2011-03-10
860;2013-06-16
861;2007-10-14
862;2007-10-14
863;2017-09-05
864;2013-01-21
865;2019-09-12
866;2012-09-07
867;2018-09-28
868;2018-03-09
869;2019-11-20
870;2010-12-06
871;2019-09-06
872;2008-01-30
873;2019-11-04
874;2019-08-19
875;2008-01-30
876;2019-07-05
877;2016-09-07
878;2009-03-03
879;2015-01-19
880;2019-09-02
881;2009-10-12
882;2018-11-13
883;2012-01-30
884;2012-02-02
885;2013-04-26
886;2008-07-22
887;2019-08-19
888;2008-12-09
889;2019-08-23
890;2019-07-23
891;2008-09-04
892;2012-08-20
893;2019-04-04
894;2008-09-04
1000;2019-03-19
1002;2008-09-04
1003;2019-09-05
1005;2017-01-22
1006;2010-02-18
1007;2019-11-16
1014;2009-09-27
1015;2019-06-27
1017;2019-12-09
1018;2018-06-20
1019;2011-01-27
1020;2019-08-05
1025;2019-11-13
1026;2009-09-15
1029;2011-05-15
1033;2019-12-13
1037;2009-09-15
1038;2007-01-09
1041;2007-01-09
1043;2007-01-09
1052;2015-01-19
1054;2009-09-15
1063;2019-05-10
1068;2018-08-20
1069;2009-09-15
1070;2019-12-16
1075;2012-08-30
1076;2015-01-19
1079;2018-07-23
1080;2009-09-15
1082;2011-08-22
1083;2007-03-29
1084;2007-01-09
1085;2007-01-09
1087;2007-01-09
1088;2014-02-05
1089;2017-10-19
1090;2007-01-09
1092;2019-10-08
1094;2019-10-04
1095;2010-02-03
1096;2014-05-22
1097;2007-03-29
1098;2007-01-09
1104;2019-11-20
1110;2009-09-15
1111;2007-01-09
1116;2007-03-29
1118;2015-02-11
1119;2013-10-17
1120;2018-12-12
1130;2009-09-15
1131;2017-09-10
1133;2011-01-27
1134;2009-09-15
1138;2009-09-15
1139;2007-01-09
1140;2007-01-09
1141;2019-08-09
1142;2009-09-15
1143;2019-09-18
1144;2011-02-06
1145;2010-05-11
1146;2007-01-17
1147;2019-12-11
1148;2010-01-03
1149;2019-12-12
1150;2009-09-15
1151;2019-11-01
1152;2016-04-12
1153;2018-10-02
1154;2019-08-12
1155;2008-10-10
1156;2019-06-17
1157;2019-07-14
1158;2007-06-15
1159;2007-09-05
1160;2013-04-02
1161;2019-09-23
1162;2019-09-02
1163;2018-06-12
1164;2009-09-15
1165;2007-04-27
1166;2009-12-01
1167;2010-03-29
1168;2009-09-15
1169;2019-05-03
1170;2019-08-13
1171;2007-06-19
1172;2007-06-26
1173;2009-09-15
1174;2017-02-16
1175;2019-07-10
1176;2007-10-23
1177;2019-07-04
1178;2007-08-24
1179;2007-08-24
1180;2019-01-14
1181;2019-10-23
1182;2007-09-05
1183;2019-12-13
1184;2014-10-08
1185;2009-09-15
1186;2017-07-26
1187;2019-06-14
1188;2007-09-26
1189;2008-11-21
1190;2010-02-15
1191;2019-08-19
1192;2014-01-30
1193;2019-09-10
1194;2009-09-15
1195;2019-04-16
1196;2016-04-06
1197;2007-10-25
1198;2019-10-18
1199;2009-09-15
1200;2007-11-09
1201;2012-08-21
1202;2019-08-12
1203;2019-11-22
1204;2009-09-15
1205;2019-01-04
1206;2007-12-18
1207;2009-09-15
1208;2019-04-26
1209;2009-09-15
1210;2008-03-28
1211;2009-09-15
1212;2019-08-14
1213;2012-08-21
1214;2014-02-26
1215;2019-06-18
1216;2019-11-06
1217;2017-10-23
1218;2019-01-21
1219;2011-08-24
1220;2008-08-22
1221;2009-09-15
1222;2014-02-05
1223;2018-04-10
1224;2016-06-13
1225;2019-08-01
1226;2019-11-26
1227;2019-10-09
1228;2009-09-15
1229;2012-08-21
1230;2015-02-26
1231;2008-04-08
1232;2019-10-31
1233;2009-09-15
1234;2009-09-15
1235;2008-04-23
1236;2019-09-12
1237;2008-05-08
1238;2009-09-15
1239;2008-05-16
1240;2009-09-15
1241;2019-07-02
1242;2009-09-15
1243;2017-02-16
1244;2009-09-15
1245;2009-09-15
1246;2009-09-15
1247;2019-12-09
1248;2009-09-15
1249;2009-09-15
1250;2009-12-01
1251;2009-09-15
1252;2016-09-30
1253;2009-09-15
1254;2010-11-06
1255;2019-07-02
1256;2019-01-14
1257;2011-12-13
1258;2008-09-01
1259;2008-09-01
1260;2019-12-02
1261;2012-08-21
1262;2009-09-15
1263;2019-07-30
1264;2008-09-23
1265;2013-04-02
1266;2017-04-26
1267;2014-03-11
1268;2019-04-08
1269;2008-10-06
1270;2018-10-08
1271;2018-03-29
1272;2008-10-13
1273;2013-08-15
1274;2018-10-10
1275;2017-01-22
1276;2019-09-16
1277;2017-06-26
1278;2017-01-22
1279;2013-08-15
1280;2017-09-29
1281;2013-08-15
1282;2013-08-15
1283;2014-06-16
1284;2013-08-15
1285;2013-08-15
1286;2019-10-03
1287;2019-07-12
1288;2019-11-21
1289;2008-11-18
1290;2008-11-25
1291;2017-11-23
1292;2013-04-02
1293;2008-11-28
1294;2017-01-22
1295;2019-11-04
1296;2019-09-18
1298;2010-09-01
1299;2009-09-15
1300;2009-04-03
1301;2019-10-15
1302;2010-08-04
1303;2019-10-04
1304;2009-01-23
1305;2019-08-20
1306;2009-09-15
1307;2009-09-15
1308;2016-04-01
1309;2019-08-08
1310;2019-08-26
1311;2019-10-21
1312;2019-08-05
1313;2019-07-03
1314;2019-12-16
1315;2019-06-04
1316;2010-02-18
1317;2013-10-08
1318;2019-01-07
1319;2019-09-12
1320;2019-06-26
1321;2009-09-15
1322;2012-07-30
1323;2019-10-11
1324;2018-12-06
1325;2010-06-09
1326;2009-09-15
1327;2015-04-13
1328;2009-04-28
1329;2019-11-29
1330;2019-08-08
1331;2009-05-28
1332;2019-08-07
1333;2012-08-20
1335;2019-08-12
1336;2019-08-30
1337;2009-06-17
1338;2019-11-18
1339;2019-09-26
1340;2009-09-15
1341;2009-09-15
1342;2010-11-06
1343;2009-07-09
1344;2017-01-22
1345;2017-08-24
1346;2012-01-19
1347;2019-12-06
1348;2009-09-15
1349;2011-01-27
1350;2019-09-02
1351;2017-09-04
1352;2019-07-02
1353;2009-09-15
1354;2019-10-24
1355;2009-09-15
1356;2019-08-15
1357;2016-09-21
1358;2009-09-15
1359;2009-09-03
1360;2012-10-12
1361;2019-10-17
1362;2019-10-04
1363;2009-10-14
1364;2010-11-08
1365;2009-12-15
1366;2009-09-10
1367;2019-06-03
1368;2019-06-03
1369;2019-10-10
1370;2019-06-19
1371;2010-10-04
1372;2013-01-22
1373;2019-06-17
1374;2019-10-24
1375;2012-01-20
1376;2019-10-31
1377;2012-12-27
1378;2009-10-17
1379;2019-09-09
1380;2009-10-17
1381;2010-05-11
1382;2014-09-16
1383;2015-02-11
1384;2019-09-05
1385;2019-11-18
1386;2019-06-17
1387;2019-08-08
1388;2009-11-10
1389;2009-11-12
1390;2012-06-10
1391;2019-09-02
1392;2019-09-16
1393;2019-12-11
1394;2019-10-24
1395;2017-08-28
1396;2018-09-14
1397;2010-01-20
1398;2019-11-18
1399;2019-12-18
1400;2019-11-06
1401;2019-09-30
1402;
1403;2010-03-23
1404;2015-02-11
1405;2010-03-23
1406;2012-02-13
1407;2016-09-06
1408;2010-11-08
1409;2012-08-20
1410;2014-05-05
1411;2019-09-16
1412;2015-11-26
1413;2012-08-21
1414;2019-10-07
1415;2010-10-22
1416;2019-11-28
1417;2019-10-11
1418;
1419;2012-08-20
1420;2019-11-25
1421;2019-04-18
1422;2019-11-25
1423;2019-09-06
1424;2019-07-17
1425;2017-06-09
1426;2015-12-30
1427;2016-10-07
1428;2010-04-14
1429;2019-07-02
1430;2019-01-14
1431;2013-04-09
1432;2011-01-27
1433;2019-05-08
1434;2018-06-27
1435;2019-10-03
1436;2015-04-16
1437;2019-11-04
1438;2012-08-21
1439;2019-01-14
1440;2019-01-14
1441;2019-08-12
1442;2019-08-19
1443;2011-04-27
1444;2013-08-13
1445;2019-07-10
1446;2010-10-07
1447;2013-01-21
1448;2018-10-16
1449;2019-07-02
1450;2018-04-20
1451;2019-07-03
1452;2018-01-11
1453;2019-01-30
1454;2019-09-23
1455;2019-04-09
1456;2018-08-28
1457;2019-10-28
1458;2012-06-25
1459;2011-05-17
1460;2019-11-10
1461;2014-04-03
1463;2013-04-02
1464;2019-07-31
1465;2019-11-07
1466;2010-11-02
1467;2019-09-29
1468;2019-09-10
1469;2014-04-10
1470;2011-09-21
1471;2019-04-17
1472;2019-08-29
1473;2019-08-07
1474;2012-07-11
1475;2019-12-08
1476;2010-08-06
1477;2014-02-24
1478;2018-03-27
1479;2019-11-11
1480;2014-07-24
1481;2014-07-24
1482;2019-10-02
1483;2019-08-12
1484;2019-05-02
1485;2011-01-27
1486;2019-01-14
1487;2013-09-02
1488;2019-10-08
1489;2017-01-22
1490;2019-07-05
1491;2010-10-05
1492;2019-07-26
1493;2018-11-23
1494;2019-10-04
1495;2019-01-14
1496;2019-12-17
1497;2014-02-10
1498;2017-09-29
1499;2019-09-09
1500;2015-11-18
1501;2012-08-20
1502;2013-10-09
1503;2011-01-27
1504;2019-10-15
1505;2014-12-17
1506;2019-11-25
1507;2015-05-22
1508;2019-12-02
1509;2019-10-21
1510;2017-10-10
1511;2010-11-06
1512;2019-12-16
1513;2019-09-23
1514;2013-01-02
1515;2010-11-08
1516;2011-02-15
1517;
1518;2019-09-04
1519;2019-08-12
1520;2019-08-20
1521;2013-11-07
1522;2019-09-18
1523;2010-11-30
1524;2011-11-01
1525;2014-05-26
1526;2019-08-09
1527;2017-03-28
1528;2019-05-28
1529;2017-02-02
1530;2011-10-18
1531;2013-01-21
1532;2010-12-20
1533;2019-07-05
1534;2019-09-11
1535;2010-12-27
1536;2019-06-12
1537;2019-06-25
1538;2011-01-12
1539;2014-05-13
1540;2019-05-07
1541;2013-02-27
1542;2019-07-09
1543;2019-09-09
1544;2011-01-27
1545;2013-12-18
1546;2016-07-18
1547;2019-10-30
1548;2019-05-22
1549;2011-02-02
1550;2014-05-26
1551;2011-02-09
1552;2014-08-19
1553;2011-02-09
1554;2019-08-12
1555;2019-08-29
1556;2019-09-20
1557;2019-06-17
1558;2012-08-20
1559;2019-08-26
1560;2019-06-24
1561;2017-04-20
1562;2016-01-11
1563;2011-02-09
1564;2012-10-15
1565;2018-12-20
1566;2019-06-17
1567;2011-02-09
1568;2015-09-15
1569;2019-10-01
1570;2011-02-09
1571;2011-02-15
1572;2018-10-26
1573;2018-08-16
1574;2011-02-09
1575;2019-10-17
1576;2014-06-03
1577;2011-02-10
1578;2019-09-10
1579;2019-08-12
1580;2019-07-28
1581;2019-09-09
1582;2011-05-25
1583;2019-08-02
1584;2019-10-23
1585;2019-10-14
1586;2019-07-04
1587;2018-12-06
1588;2019-06-20
1589;2017-01-22
1590;2019-12-04
1591;2019-05-14
1592;2012-08-20
1593;2011-03-07
1594;2019-06-24
1595;2014-09-03
1596;2012-08-20
1597;
1598;2014-02-09
1599;2014-06-21
1600;2019-04-24
1601;2019-03-11
1602;2019-09-13
1603;2018-03-29
1604;2019-05-14
1605;2019-11-11
1606;2011-05-25
1607;2013-01-21
1608;2017-01-23
1609;2019-11-25
1610;2019-10-24
1611;2019-07-08
1612;2019-09-19
1613;2019-08-29
1614;2011-03-25
1615;2015-02-02
1616;2019-10-23
1617;2019-11-20
1618;2011-03-29
1619;2012-08-23
1620;2013-04-02
1621;2018-02-19
1622;2019-07-15
1623;2011-10-04
1624;2013-04-02
1625;2013-10-20
1626;2013-08-15
1627;2012-08-20
1628;2019-11-04
1629;2019-08-05
1630;2019-12-04
1631;2019-07-02
1632;2015-05-26
1633;2019-12-02
1634;2019-12-12
1635;2019-11-22
1636;2019-09-04
1637;2016-09-02
1638;2017-05-09
1639;2019-08-29
1640;2018-11-16
1641;2013-04-02
1642;2013-02-05
1643;2019-12-18
1644;2011-05-25
1645;2017-02-24
1646;2012-10-05
1647;2011-05-31
1648;2019-01-14
1649;2014-10-07
1650;2019-08-27
1651;2016-08-18
1652;2013-01-28
1653;2019-09-11
1654;2019-09-22
1655;2019-06-12
1656;2013-11-20
1657;2012-05-22
1658;2019-10-16
1659;2013-06-03
1660;2016-11-10
1661;2011-11-22
1662;2019-09-25
1663;
1664;2017-01-22
1665;2019-11-11
1666;2018-06-08
1667;2019-09-30
1668;2019-11-26
1669;2019-08-09
1670;2015-10-23
1671;2019-06-16
1672;2016-08-24
1673;2019-10-07
1674;2015-06-24
1675;2019-09-30
1676;2015-06-24
1677;2013-11-07
1678;2019-07-02
1679;2019-06-17
1680;2013-03-26
1681;2016-11-09
1682;2014-05-05
1683;2019-10-07
1684;2016-06-08
1685;2019-08-20
1686;2019-11-05
1687;2019-05-14
1688;2019-11-25
1689;2011-09-21
1690;2019-11-15
1691;2011-09-21
1692;2019-08-08
1693;2015-06-26
1694;2011-09-26
1695;2019-07-01
1696;2019-07-19
1697;2019-04-18
1698;2018-06-18
1699;2019-01-14
1700;2019-11-07
1701;2019-07-29
1702;2019-10-22
1703;2019-10-22
1704;2019-04-10
1705;2019-08-20
1706;2019-05-09
1707;2019-09-19
1708;2017-08-16
1709;2014-11-13
1710;2019-10-02
1711;2019-08-13
1712;2013-04-23
1713;2011-11-08
1714;2014-02-06
1715;2019-09-27
1716;2019-10-28
1717;2018-08-28
1718;2019-06-04
1719;2018-10-18
1720;2019-04-14
1721;2012-03-29
1722;
1723;2019-08-12
1724;2018-06-11
1725;2019-10-24
1726;2019-08-14
1727;2019-11-05
1728;2013-04-02
1729;2015-06-26
1730;2019-11-13
1731;2011-12-12
1732;2011-12-12
1733;
1734;
1735;
1736;2019-05-06
1737;2019-10-31
1738;2012-08-21
1739;2014-09-05
1740;
1741;2019-10-25
1742;2019-10-04
1744;2019-12-16
1745;
1746;2016-01-04
1747;2016-09-05
1749;2016-01-04
1750;2019-10-16
1751;2019-07-05
1752;2019-10-07
1753;2019-10-15
1754;2017-02-24
1755;2019-10-10
1756;2013-03-04
1757;2019-05-13
1759;2019-10-01
1760;2019-03-14
1761;2019-07-03
1762;
1763;2019-12-10
1764;2019-08-02
1765;2019-08-06
1766;2019-07-05
1767;2019-05-22
1768;2019-10-14
1769;2019-09-12
1771;2019-02-22
1774;2019-01-24
1776;2019-05-08
1777;2019-10-11
1778;2019-07-05
1779;2014-05-27
1780;2019-12-12
1781;2019-07-17
1782;2019-12-18
1784;2019-07-05
1785;2019-06-17
1786;2019-08-29
1787;2019-10-29
1788;2019-07-03
1789;2019-07-03
1790;2019-07-24
1791;2019-07-04
1793;2019-10-29
1794;2013-02-14
1797;2019-09-27
1798;2019-09-20
1799;2019-11-18
1801;2019-11-12
1802;2019-10-14
1803;2014-10-03
1804;2019-07-04
1805;2019-11-01
1806;2019-09-12
1807;2019-07-04
1808;2019-03-19
1809;2019-01-14
1810;2016-11-01
1811;2013-04-02
1812;2015-07-03
1813;2019-07-01
1814;2016-03-23
1815;2016-12-15
1816;2019-11-21
1817;2019-11-25
1818;2019-10-31
1819;
1820;2019-12-11
1821;2017-03-23
1822;2019-10-22
1823;2019-10-03
1824;2019-09-25
1825;2019-09-10
1826;2019-05-27
1827;2017-11-01
1828;2019-01-15
1829;2015-05-11
1830;2017-12-18
1831;2015-07-20
1832;2019-12-12
1833;2015-07-22
1834;2019-09-26
1835;2012-04-18
1836;2019-12-11
1837;2019-10-30
1838;2019-07-10
1839;2016-11-07
1840;2012-07-03
1841;2016-06-13
1842;2012-05-22
1843;2013-04-02
1844;2012-05-30
1845;2015-02-27
1846;2019-12-11
1847;2012-06-14
1848;2019-06-27
1849;2019-10-21
1850;2012-06-21
1851;
1852;2019-07-02
1853;2019-07-10
1854;2012-06-29
1855;2015-03-24
1856;2019-12-04
1857;2015-07-24
1859;2019-11-06
1860;2015-07-23
1861;2015-09-07
1862;2019-07-02
1863;2013-02-12
1864;2015-07-24
1865;2019-12-17
1866;2012-08-15
1867;2012-08-16
1868;2019-08-07
1869;2019-11-12
1870;2019-08-26
1871;2019-11-08
1872;2018-02-16
1873;2012-08-21
1874;2019-08-19
1875;2015-08-20
1876;2019-12-17
1877;2019-08-16
1878;2013-04-02
1879;2015-07-24
1880;2019-08-28
1881;2019-02-22
1882;2019-07-10
1883;2019-11-05
1884;2019-07-23
1885;2019-09-03
1886;2015-07-24
1887;2013-08-20
1888;2019-10-10
1889;2014-04-17
1890;2019-11-26
1891;2019-11-19
1892;2019-07-02
1893;2019-08-13
1894;2012-10-02
1895;2015-08-31
1896;2018-11-26
1897;2019-08-12
1898;2019-07-03
1899;2013-04-02
1900;2019-12-01
1901;2017-12-06
1902;2013-04-02
1903;2019-10-07
1904;
1905;2019-01-14
1906;2019-11-17
1907;2019-04-10
1908;2017-01-22
1909;2019-07-02
1910;2019-10-18
1911;2015-04-07
1912;2019-11-06
1913;2012-10-25
1914;
1915;2014-07-11
1916;2017-01-22
1917;2019-10-12
1918;2012-10-23
1919;2019-08-19
1920;2019-11-06
1921;2019-05-23
1922;2019-12-16
1923;
1924;
1925;2019-11-28
1926;2019-10-04
1927;2019-07-12
1928;2019-02-19
1929;2019-12-03
1930;2019-11-25
1931;2019-07-02
1932;2014-11-06
1933;2019-09-16
1934;2019-12-06
1935;2019-10-31
1936;2019-12-03
1937;2019-09-16
1938;2018-08-24
1939;2019-08-08
1940;2019-11-12
1941;2019-12-02
1942;2019-08-12
1943;2017-06-15
1944;2019-08-02
1945;2019-09-24
1946;2019-07-15
1947;2019-11-29
1948;2019-12-16
1949;2019-10-29
1950;2019-08-12
1951;2019-08-12
1952;2019-12-05
1953;2017-01-22
1954;2013-10-20
1955;2019-11-20
1956;2017-08-30
1957;2019-12-12
1958;2018-10-11
1959;2019-10-21
1960;2013-09-27
1961;2019-12-10
1962;2019-02-18
1963;2019-03-23
1964;2019-12-16
1965;2019-11-29
1966;2019-12-12
1967;2018-12-17
1968;2017-02-07
1969;2019-08-08
1970;2019-12-16
1971;2019-06-11
1972;2015-12-08
1973;2019-06-24
1974;2019-05-14
1975;2019-11-18
1976;2019-01-23
1977;2019-12-06
1978;2012-11-26
1979;2018-03-18
1980;2019-05-22
1981;2019-10-07
1982;2019-11-04
1983;2015-05-07
1984;2013-01-25
1985;2019-08-08
1986;2019-06-25
1987;2018-10-31
1988;
1989;2019-10-21
1990;2019-11-06
1991;2019-11-12
1992;2013-10-07
1993;2019-11-06
1994;2019-11-05
1995;2019-08-13
1996;2019-10-09
1997;2019-10-09
1998;2019-04-30
1999;2019-03-28
2000;2019-09-13
2001;2012-12-04
2002;2012-12-04
2003;2019-05-21
2004;2019-08-12
2005;2019-12-11
2006;2019-08-07
2007;2019-01-15
2008;2019-07-29
2009;2019-10-21
2010;2017-11-23
2011;2016-04-27
2012;2014-07-14
2013;2019-10-08
2014;
2015;2019-11-27
2016;2019-08-06
2017;2017-05-24
2018;2019-08-21
2019;2019-10-28
2020;2012-12-27
2021;2019-10-18
2022;2019-12-18
2023;2019-09-22
2024;2019-08-14
2025;2019-10-22
2026;2019-10-02
2027;
2028;2019-09-17
2029;2019-10-24
2030;2019-11-15
2031;2016-01-28
2032;2018-06-20
2033;2013-04-02
2034;2016-04-04
2035;2019-06-16
2036;2019-01-14
2037;2013-05-13
2038;2019-09-09
2039;2014-02-20
2040;2018-01-31
2041;2017-10-11
2042;2019-10-30
2043;2019-08-29
2044;2019-09-20
2045;2018-01-02
2046;2015-03-27
2047;2019-10-24
2048;2014-02-20
2049;2018-10-02
2050;2019-12-12
2051;2013-01-17
2052;2019-11-06
2053;2019-11-14
2054;2019-08-07
2055;2019-09-03
2056;2013-01-17
2057;2013-12-16
2058;2019-10-09
2059;2018-03-06
2060;2019-12-17
2061;2016-08-24
2062;2019-04-16
2063;2013-04-02
2064;2017-02-16
2065;2019-09-16
2066;2019-11-04
2067;2019-08-27
2068;2019-08-26
2069;2019-11-08
2070;2019-12-13
2071;2019-09-18
2072;2018-12-19
2073;2019-08-29
2074;2013-01-25
2075;2014-01-20
2076;2019-12-17
2077;2019-12-02
2078;2017-02-28
2079;2019-10-03
2080;2019-04-15
2081;2018-07-12
2082;2016-10-11
2083;2019-08-12
2084;2019-05-16
2085;2019-01-22
2086;2019-01-14
2087;2019-10-07
2088;2019-09-23
2089;2013-11-04
2090;2014-03-29
2091;2019-11-05
2092;2016-09-02
2093;2019-11-06
2094;2019-08-28
2095;2019-10-03
2096;2013-12-03
2097;2018-11-22
2098;2013-02-05
2099;2018-12-21
2100;2019-11-13
2101;2018-06-19
2102;2013-02-05
2103;2019-02-13
2104;2013-02-07
2105;2016-11-04
2106;2014-09-22
2107;2019-03-29
2108;2019-09-04
2109;2014-12-11
2110;2017-09-13
2111;2019-11-21
2112;2019-07-02
2113;2019-12-18
2114;2013-04-02
2115;2019-12-04
2116;2015-04-02
2117;2017-01-24
2118;2013-02-13
2119;2019-08-12
2120;2019-12-06
2121;2019-09-02
2122;2018-08-29
2123;2019-12-05
2124;2013-02-20
2125;2019-10-30
2126;2013-04-26
2127;2019-08-12
2128;2017-10-20
2129;2019-10-23
2130;2019-10-28
2131;2019-08-08
2132;2014-09-11
2133;2019-08-29
2134;2019-12-16
2135;2014-09-08
2136;2019-11-04
2137;2019-10-31
2138;2016-01-18
2139;2014-09-12
2140;2017-01-22
2141;2019-11-26
2142;
2143;2019-12-17
2144;2019-11-10
2145;
2146;2019-06-28
2147;2019-12-01
2148;2019-12-04
2149;
2150;2014-04-01
2151;2017-01-22
2152;2019-10-14
2153;2013-04-02
2154;2013-09-18
2155;2019-06-24
2156;2019-10-04
2157;2019-12-02
2158;2019-10-21
2159;2017-03-27
2160;2019-10-14
2161;2019-10-21
2162;2019-12-13
2163;2017-02-16
2164;2019-09-10
2165;2019-09-18
2166;2014-07-14
2167;2019-10-11
2168;2019-08-30
2169;2019-11-05
2170;2013-03-18
2171;2019-11-13
2172;2019-10-31
2173;2014-07-29
2174;2019-06-25
2175;2019-12-10
2176;2019-11-13
2177;2013-03-20
2178;2013-03-20
2179;2019-09-20
2180;2019-11-08
2181;2019-08-29
2182;2014-09-30
2183;2019-07-19
2184;2019-10-07
2185;2019-10-28
2186;2017-04-03
2187;2019-09-16
2188;2018-02-15
2189;2018-09-20
2190;2019-11-01
2191;2019-10-21
2192;2018-08-08
2193;2019-07-10
2194;2019-06-04
2195;2019-12-18
2196;2019-06-16
2197;2019-12-05
2198;2014-02-07
2199;2019-12-02
2200;2019-11-26
2201;2014-11-12
2202;2019-12-02
2203;2014-05-09
2204;2017-01-22
2205;2014-05-05
2206;2019-10-01
2207;2017-06-09
2208;2019-04-12
2209;2013-04-05
2210;2018-10-31
2211;2019-11-13
2212;2013-10-09
2213;2017-07-13
2214;2019-10-02
2215;2019-07-22
2216;2019-08-26
2217;2019-09-12
2218;2019-07-01
2219;2019-08-29
2220;2013-06-17
2221;2016-05-18
2222;2017-10-16
2223;2019-09-04
2224;2013-06-10
2225;2019-08-22
2226;2013-10-01
2227;2013-04-12
2228;2018-10-20
2229;2019-10-17
2230;2013-04-15
2231;2018-07-09
2232;2015-02-09
2233;2019-10-21
2234;2016-08-31
2235;2019-04-04
2236;2019-01-14
2237;2017-04-19
2238;2018-04-19
2239;2016-08-19
2240;2015-07-17
2241;2019-08-12
2242;2016-10-05
2243;2017-08-28
2244;2019-10-07
2245;2015-04-07
2246;2019-01-14
2247;2013-04-23
2248;2016-10-06
2249;2019-11-28
2250;2019-11-18
2251;2015-09-22
2252;2018-12-14
2253;2018-06-19
2254;2019-08-28
2255;2013-07-16
2256;2014-04-14
2257;2017-10-13
2258;2019-07-31
2259;2017-03-15
2260;2019-07-02
2261;2019-08-12
2262;2018-11-05
2263;2019-12-11
2264;2019-09-06
2265;
2266;2013-05-08
2267;2017-01-22
2268;2019-10-29
2269;2013-07-01
2270;2019-09-02
2271;2019-12-05
2272;2019-07-24
2273;2019-10-30
2274;2018-02-06
2275;2016-06-08
2276;2016-09-28
2277;2016-08-30
2278;2019-08-12
2279;2019-08-29
2280;2019-10-24
2281;2013-06-04
2282;2013-05-17
2283;2019-01-14
2284;2014-01-10
2285;2019-10-18
2286;2018-10-19
2287;2019-10-04
2288;2014-10-30
2289;2019-06-16
2290;2018-06-04
2291;2016-12-12
2292;2014-07-14
2293;2019-10-03
2294;2019-08-28
2295;2019-01-24
2296;2019-12-12
2297;2018-07-16
2298;2019-08-22
2299;2019-11-11
2300;2019-12-06
2301;
2302;2018-01-12
2303;2019-08-23
2304;2019-06-04
2305;2019-06-01
2306;2019-07-05
2307;
2308;2019-11-11
2309;2013-06-25
2310;2016-08-23
2311;2018-04-05
2312;
2313;2018-03-19
2314;2019-11-06
2315;2019-12-12
2316;2019-08-30
2317;2019-07-25
2318;2018-11-29
2319;2019-01-15
2320;2016-01-21
2321;2017-01-22
2322;2016-05-24
2323;2015-02-24
2324;2018-01-23
2325;2019-11-27
2326;2019-08-27
2327;2019-10-21
2328;2019-06-24
2329;2019-11-13
2330;2013-06-24
2331;2019-08-21
2332;2014-06-02
2333;2019-03-05
2334;2016-11-02
2335;2019-10-02
2336;2019-08-29
2337;2013-06-27
2338;2019-10-30
2339;2019-11-28
2340;2019-08-14
2341;2019-08-06
2342;2013-07-01
2343;2019-01-14
2344;2013-07-04
2345;2019-10-10
2346;2016-10-24
2347;2019-09-06
2348;2018-10-03
2349;2015-12-11
2350;2019-08-16
2351;2013-07-09
2352;2019-11-18
2353;2019-10-30
2354;2015-11-03
2355;
2356;2013-07-31
2357;2019-08-20
2358;2019-10-11
2359;2013-07-31
2360;2018-06-12
2361;2019-10-27
2362;2019-12-06
2363;2019-07-16
2364;2019-08-20
2365;2016-03-03
2366;2015-04-22
2367;2013-08-06
2368;2018-11-07
2369;2017-02-16
2370;2019-01-15
2371;2019-06-24
2372;2017-08-16
2373;2013-08-11
2374;2019-12-02
2375;2013-08-13
2376;2019-09-23
2377;2019-06-24
2378;2019-05-02
2379;2019-10-30
2380;2018-07-03
2381;
2382;2019-11-13
2383;2019-06-27
2384;2019-11-07
2385;2018-11-01
2386;2016-02-18
2387;2013-08-17
2388;2019-08-26
2389;
2390;2019-10-25
2391;2019-11-06
2392;2018-10-19
2393;2016-06-14
2394;2013-08-27
2395;2019-06-24
2396;2019-06-04
2397;2019-06-13
2398;2013-08-21
2399;2019-10-28
2400;2019-08-14
2401;
2402;2013-08-21
2403;
2404;2019-08-12
2405;
2406;2019-09-11
2407;2013-08-22
2408;2018-10-19
2409;2019-09-26
2410;2019-08-13
2411;2013-08-23
2412;2019-11-06
2413;2019-11-08
2414;2019-09-27
2415;2019-01-15
2416;
2417;2019-01-28
2418;2019-08-29
2419;2018-12-14
2420;
2421;2019-12-04
2422;2014-11-10
2423;
2424;
2425;2019-04-15
2426;2013-08-29
2427;2018-10-01
2428;2019-10-01
2429;2019-10-04
2430;2019-04-15
2431;2014-02-05
2432;2014-01-31
2433;2017-10-13
2434;2013-09-06
2435;2013-09-02
2436;2013-09-02
2437;2019-11-13
2438;2019-10-15
2439;
2440;2019-01-14
2441;2016-10-14
2442;
2443;2019-06-25
2444;2019-10-21
2445;2019-09-04
2446;2015-03-19
2447;2014-06-10
2448;2019-06-27
2449;2019-08-08
2450;2019-03-07
2451;2019-06-03
2452;2019-08-29
2453;2014-02-17
2454;2019-07-03
2455;
2456;2019-01-25
2457;2013-10-30
2458;2018-11-28
2459;
2460;2019-07-23
2461;2019-12-03
2462;2019-10-08
2463;2019-12-05
2464;2014-05-22
2465;2019-08-26
2466;2016-03-29
2467;2013-09-16
2468;2013-10-11
2469;2014-05-14
2470;2019-08-28
2471;2014-05-14
2472;2014-05-14
2473;2014-05-14
2474;2018-11-15
2475;2014-02-05
2476;2019-10-31
2477;2013-09-16
2478;2019-09-05
2479;2019-11-28
2480;2018-12-05
2481;2019-06-14
2482;2019-08-29
2483;2017-01-22
2484;2019-06-18
2485;2019-02-11
2486;2015-09-07
2487;2019-09-30
2488;2019-01-14
2489;2019-10-02
2490;2014-02-17
2491;2015-06-16
2492;2019-11-21
2493;2019-01-15
2494;2019-01-15
2495;2018-10-19
2496;2014-05-14
2497;2019-03-04
2498;2014-05-14
2499;
2500;2013-09-21
2501;2015-08-25
2502;2013-09-20
2503;2014-05-14
2504;2019-06-25
2505;2019-08-22
2506;2014-11-27
2507;2019-10-23
2508;2019-10-23
2509;2019-08-12
2510;2013-09-22
2511;2019-10-30
2512;
2513;2013-09-22
2514;
2515;
2516;2014-10-30
2517;2019-11-27
2518;
2519;2018-10-24
2520;2019-08-19
2521;2015-02-12
2522;
2523;2019-12-05
2524;2019-01-15
2525;2019-06-17
2526;2015-09-24
2527;2019-09-25
2528;2015-03-09
2529;2019-12-03
2530;2019-08-12
2531;2019-12-03
2532;2014-05-14
2533;2014-05-14
2534;2019-04-02
2535;2014-05-14
2536;2017-06-26
2537;2018-10-18
2538;2019-01-14
2539;2018-10-19
2540;2013-09-27
2541;2013-09-27
2542;
2543;2019-08-12
2544;
2545;
2546;2016-03-21
2547;2019-11-13
2548;2019-08-06
2549;
2550;2019-07-29
2551;2013-11-05
2552;2019-03-21
2553;2019-11-19
2554;2019-07-02
2555;2019-12-13
2556;2013-10-03
2557;2019-08-19
2558;2018-04-19
2559;2019-11-25
2560;2013-11-08
2561;
2562;2018-01-30
2563;2019-08-21
2564;2019-10-18
2565;2018-10-16
2566;2018-09-11
2567;2013-11-26
2568;2014-11-03
2569;2019-10-21
2570;2013-10-14
2571;
2572;2016-02-15
2573;2013-10-14
2574;2019-11-25
2576;2016-10-27
2577;2019-07-08
2578;2019-08-20
2579;2019-05-08
2580;2018-10-15
2581;2019-12-05
2582;2013-10-15
2583;
2584;2018-10-19
2585;2019-05-31
2586;2013-10-14
2587;2016-08-23
2588;2014-05-14
2589;2019-04-25
2590;
2591;2019-10-07
2592;2014-08-26
2593;2013-11-25
2594;
2595;2019-06-07
2596;2019-11-06
2597;2017-10-23
2598;2017-07-07
2599;2019-12-16
2600;2019-07-31
2601;2019-08-14
2602;2019-01-09
2603;2013-10-25
2604;
2605;2014-05-14
2606;
2607;2018-02-15
2608;2013-10-21
2609;2019-03-15
2610;2019-11-25
2611;2019-10-31
2612;2019-01-15
2613;2016-04-11
2614;2019-10-08
2615;
2616;2018-04-03
2617;2019-09-11
2618;2019-04-16
2619;2019-09-17
2620;2019-03-26
2621;
2622;2019-07-23
2623;2019-10-30
2624;2013-10-25
2625;
2626;2016-08-19
2627;2018-10-18
2628;2019-10-22
2629;2017-05-31
2631;2014-02-07
2632;2018-08-30
2633;2019-11-18
2634;2019-11-06
2635;2016-02-03
2636;2017-02-16
2637;2019-10-03
2638;2013-10-28
2639;2013-10-28
2640;2019-05-28
2641;2019-03-27
2642;2015-08-25
2643;
2644;2019-05-27
2645;2019-10-17
2646;2018-11-16
2647;2015-03-23
2648;2019-05-16
2649;2018-11-26
2650;
2651;2019-11-05
2652;
2653;
2654;2019-04-24
2655;2019-06-14
2656;2013-12-27
2657;
2658;2014-05-16
2659;
2660;2013-11-08
2661;2019-09-27
2662;2013-11-08
2663;2016-01-27
2664;
2665;
2666;2019-01-15
2667;2013-11-06
2668;2014-05-14
2669;2016-02-23
2670;2019-04-16
2671;2014-09-29
2672;
2673;2014-02-10
2674;2014-01-21
2675;2015-09-21
2676;
2677;2019-03-26
2678;2019-08-12
2680;2013-11-13
2681;2013-11-25
2682;2019-06-03
2683;2015-09-24
2684;2019-11-04
2685;2019-11-11
2686;2019-06-13
2687;
2688;2019-10-08
2689;2019-01-28
2690;2013-11-19
2691;2019-11-25
2692;2016-04-20
2693;2019-10-03
2694;2014-05-14
2695;
2696;
2697;2019-07-05
2698;
2699;2019-01-14
2700;2019-10-23
2701;2014-07-02
2702;2017-02-03
2703;2019-10-07
2704;2019-09-17
2705;2019-09-26
2706;2014-04-25
2707;2019-11-05
2708;2014-04-28
2709;
2710;
2711;
2712;2019-06-12
2713;2015-11-16
2714;2013-11-27
2715;
2716;2016-04-13
2717;2019-12-09
2718;2019-11-05
2719;2013-11-30
2720;2019-12-12
2721;2019-09-04
2722;2018-12-07
2723;
2724;2014-11-24
2725;2019-01-14
2726;2018-10-01
2727;2019-10-18
2728;2014-05-14
2729;2019-08-21
2730;
2731;
2732;2019-07-02
2733;2014-05-14
2734;2014-05-14
2735;2018-10-19
2736;2019-10-08
2737;2017-02-16
2738;2017-04-24
2739;2014-05-14
2740;2019-10-08
2741;2019-02-18
2742;
2743;
2744;2014-11-04
2745;2019-01-17
2746;2019-11-05
2747;
2748;2019-01-15
2749;2019-02-07
2750;2019-11-06
2751;2019-01-15
2752;
2753;2016-10-24
2754;2019-03-29
2755;2019-05-28
2756;2019-10-25
2757;2019-07-03
2758;2014-01-27
2759;2016-04-15
2760;2019-05-09
2761;2014-01-24
2762;2015-12-22
2763;2019-06-18
2764;2014-02-10
2765;2019-12-16
2766;
2767;2019-06-14
2768;2014-01-20
2769;2014-02-05
2770;2019-12-03
2771;
2772;2019-10-07
2773;2019-09-18
2774;2018-10-18
2775;2014-01-24
2776;2016-04-07
2777;2017-02-16
2778;2018-11-02
2779;2019-11-05
2780;2019-06-14
2781;2014-09-09
2782;
2783;2019-10-10
2784;2018-05-04
2785;2019-01-15
2786;2019-07-15
2787;
2788;2018-06-04
2789;2019-06-03
2790;
2791;2019-10-29
2792;2019-09-30
2793;2019-11-08
2794;2019-04-09
2795;2014-01-24
2796;2019-07-01
2797;2014-01-24
2798;2015-10-15
2799;2019-06-16
2800;2019-05-22
2801;2019-05-09
2802;
2803;2019-01-21
2804;2019-09-17
2805;2015-06-22
2806;2019-11-13
2807;2014-02-05
2808;
2809;2019-11-26
2810;2019-10-24
2811;2019-03-05
2812;2019-11-12
2813;2019-12-04
2814;
2815;2018-01-25
2816;2017-07-11
2817;2019-09-30
2818;2014-02-12
2819;2018-12-13
2820;2018-05-28
2821;2019-02-22
2822;2018-10-31
2823;2014-02-19
2824;2019-11-06
2825;2019-01-21
2826;2019-07-02
2827;2018-12-06
2828;2019-11-21
2829;2014-02-25
2830;2019-10-30
2831;2015-08-18
2832;2019-01-14
2833;2014-10-06
2834;2019-09-25
2835;2016-08-08
2836;2018-10-19
2837;2014-05-19
2838;2014-02-28
2839;2018-05-22
2840;2019-08-29
2841;2019-05-20
2842;2014-03-05
2843;
2844;2018-10-19
2845;2019-01-15
2846;2014-09-08
2847;2019-01-14
2848;
2849;2018-04-19
2850;2019-09-11
2851;2019-01-14
2852;2014-03-14
2853;2014-03-14
2854;2019-11-25
2855;2019-07-22
2856;2019-08-29
2857;2014-04-02
2858;2018-10-30
2859;
2860;2016-04-18
2861;2019-08-07
2862;2019-03-25
2863;2019-11-28
2864;2019-06-05
2865;2019-09-10
2866;2019-10-22
2867;
2869;2017-06-28
2870;2018-08-31
2871;2019-12-04
2872;2017-01-22
2873;2014-12-11
2874;2014-12-23
2875;2014-04-03
2876;2014-05-14
2877;2019-09-10
2878;2019-10-25
2879;2019-01-14
2880;2014-04-09
2881;2015-11-24
2882;2019-09-19
2884;2019-08-12
2885;2014-04-10
2886;
2887;2018-10-16
2888;2017-08-28
2889;2019-12-16
2890;
2891;2019-12-17
2892;2019-08-29
2893;2014-04-23
2894;2019-10-15
2895;2018-03-14
2896;2016-09-12
2897;2016-01-04
2898;2014-05-13
2899;2019-03-22
2900;2016-01-05
2901;2014-05-13
2902;2014-05-07
2903;
2904;
2905;2017-12-27
2906;2019-06-13
2907;2019-10-28
2908;2019-11-14
2909;2019-09-17
2910;
2911;2019-12-13
2912;2019-10-18
2913;2017-01-22
2914;2019-11-13
2915;2019-12-03
2916;2014-06-04
2917;2018-08-21
2918;2016-11-24
2919;2019-09-09
2920;2014-06-02
2921;2019-10-30
2922;2019-08-29
2923;
2924;2019-12-13
2925;2019-01-14
2926;2019-10-10
2927;2019-08-15
2928;2019-10-21
2929;2014-06-12
2930;2014-06-12
2931;
2932;2019-08-22
2933;2019-02-07
2934;
2935;
2936;2015-04-14
2937;2019-07-02
2938;2015-02-17
2939;2019-07-02
2940;2014-06-18
2941;2017-12-12
2942;2015-01-27
2943;2019-11-21
2944;2019-01-15
2945;
2946;2019-07-02
2947;2016-05-13
2948;
2949;2019-04-25
2950;2019-01-14
2951;2018-07-04
2952;2019-12-11
2953;2019-09-06
2954;2015-08-20
2955;2019-07-02
2956;2019-08-12
2957;2019-07-02
2958;2017-02-16
2959;2019-07-02
2960;2019-07-02
2961;2019-07-02
2962;2019-07-02
2963;2019-07-02
2964;2019-07-05
2965;2019-07-03
2966;2019-09-16
2967;2019-07-02
2968;2019-07-02
2969;2019-01-14
2970;2019-07-02
2971;2019-07-02
2972;2019-07-02
2973;2019-07-02
2974;2019-12-05
2975;2019-07-02
2976;2019-11-22
2977;2017-06-22
2978;2019-11-22
2979;2018-12-18
2980;2019-10-07
2981;2015-03-25
2982;2018-04-09
2983;2019-11-11
2984;2019-06-04
2985;2016-05-27
2986;2015-02-09
2987;2016-11-14
2988;2019-10-22
2989;2019-07-18
2990;2019-10-29
2991;2017-04-10
2992;2019-09-18
2993;2014-09-04
2994;2016-10-04
2995;2017-01-22
2996;2018-10-18
3002;2019-07-15
3003;2015-08-04
3004;2019-10-01
3005;2019-10-08
3006;2019-12-09
3007;2019-06-14
3008;2018-08-23
3009;2019-08-21
3010;2019-12-10
3011;2019-05-23
3012;2019-11-29
3013;2019-11-27
3014;2018-03-21
3015;2019-09-19
3016;2015-05-11
3017;2019-12-17
3018;2019-04-23
3019;2019-12-09
3020;2019-11-11
3021;2019-10-14
3022;2018-09-25
3023;2019-08-05
3024;2019-07-15
3025;2019-05-14
3026;2019-07-15
3027;2019-10-04
3028;2019-12-03
3029;2019-10-22
3030;2015-11-18
3031;2019-11-12
3032;2019-11-05
3033;2019-06-10
3034;2019-11-04
3035;2019-05-17
3036;2019-07-10
3037;2019-09-17
3038;2019-10-22
3039;2019-10-23
3040;2019-01-09
3041;2019-12-17
3042;2019-11-13
3043;2018-10-18
3044;2019-11-01
3045;2019-08-01
3046;2019-12-09
3047;2019-06-19
3048;2018-07-02
3049;2019-07-23
3050;2019-12-03
3052;2019-07-08
3053;2014-08-20
3054;2018-10-19
3055;2019-08-29
3056;2019-10-21
3057;2015-04-02
3058;2019-07-08
3059;2019-01-14
3060;2019-11-19
3061;2014-08-29
3062;2019-10-21
3063;2019-01-14
3064;2019-09-06
3065;2019-09-02
3066;2018-11-14
3067;2019-12-16
3068;2019-09-11
3069;2019-08-28
3070;
3071;2014-09-16
3072;2014-09-22
3073;2019-01-15
3074;2019-10-01
3075;2019-10-24
3076;
3077;2014-09-24
3078;2018-11-16
3079;2019-06-16
3080;2015-10-20
3081;2014-09-26
3082;2019-01-14
3083;2019-08-26
3084;
3085;2018-12-11
3086;2019-11-27
3087;2019-12-06
3088;2019-10-22
3089;2017-08-16
3090;2017-07-11
3091;2014-10-02
3092;2019-11-29
3093;2014-10-07
3094;2019-11-14
3095;2019-10-11
3096;2019-10-28
3097;2019-11-01
3098;2015-03-20
3099;2018-02-19
3100;2016-04-07
3101;2014-10-15
3102;2019-10-14
3103;2019-12-17
3104;2019-01-14
3105;2019-08-12
3106;2019-11-22
3107;2019-08-15
3108;2019-07-08
3109;2018-11-11
3110;2019-12-02
3111;2015-04-08
3112;2018-10-29
3113;2014-10-30
3114;2017-12-13
3115;2017-02-16
3116;2019-11-17
3117;2019-07-11
3118;2019-01-14
3119;2019-10-03
3120;2019-09-25
3121;2018-11-05
3122;
3123;2015-05-05
3124;2019-01-14
3125;2018-10-31
3126;2019-11-27
3127;2014-11-12
3128;
3129;
3130;2019-11-15
3131;2019-08-02
3132;2014-11-24
3133;2019-08-29
3134;2018-03-01
3135;2019-04-02
3136;2019-08-09
3137;2017-10-25
3138;2019-07-01
3139;2019-04-08
3140;2019-06-10
3141;2019-09-24
3142;2014-11-20
3143;2019-11-12
3144;
3145;
3146;2017-10-01
3147;2019-06-28
3148;2018-10-18
3149;2019-10-30
3150;
3151;2019-01-14
3152;2017-08-28
3153;2014-12-09
3154;2019-10-10
3155;2019-09-04
3156;2019-07-01
3157;
3158;2017-11-13
3159;2014-12-18
3160;2019-12-04
3161;2014-12-18
3162;2019-05-07
3163;2019-10-09
3164;2019-08-07
3165;2019-08-13
3166;
3167;2019-04-24
3168;
3169;
3170;2019-12-18
3171;2019-08-30
3172;2019-12-16
3173;2018-08-02
3174;2017-10-05
3175;2019-09-30
3176;2015-01-28
3177;2015-04-21
3178;2019-11-26
3179;2019-08-12
3180;2019-09-05
3181;2019-01-14
3182;2015-01-22
3183;2019-11-28
3184;2019-01-28
3185;2019-01-28
3186;2019-01-15
3187;2019-01-14
3188;2019-08-29
3189;2019-07-16
3190;2019-08-12
3191;2018-07-18
3192;2019-01-15
3193;2019-06-24
3194;2019-11-14
3195;
3196;2019-12-11
3197;2015-05-15
3198;2019-10-10
3199;2019-07-14
3200;2018-10-18
3201;2019-09-12
3202;2019-06-18
3203;2019-03-22
3204;2015-02-15
3205;2015-02-15
3206;2019-10-15
3207;2019-06-10
3208;2019-06-28
3209;2019-09-26
3210;2019-10-30
3211;2019-11-20
3212;2016-04-12
3213;2019-09-26
3214;2019-10-14
3215;2018-10-18
3216;2017-01-22
3217;2017-01-22
3218;2018-03-09
3219;2016-11-18
3220;2019-09-06
3221;
3222;2015-04-09
3223;2019-08-14
3224;2017-06-20
3225;2015-03-24
3226;2019-10-28
3227;2017-11-23
3228;2015-06-24
3229;
3230;2019-08-16
3231;2019-01-14
3232;
3233;
3234;
3235;2015-09-15
3236;2019-06-26
3237;2019-04-08
3238;2019-10-21
3239;2019-10-22
3240;2015-05-22
3241;2019-08-16
3242;
3243;2019-01-14
3244;2019-10-09
3245;
3246;2018-04-04
3247;2019-10-16
3248;2019-09-20
3249;2016-07-07
3250;
3251;2018-03-29
3252;2015-04-09
3253;2019-09-03
3254;2015-04-16
3255;
3256;2015-12-17
3257;2019-09-02
3258;2015-06-25
3259;2019-11-26
3260;2018-11-29
3261;2019-10-28
3262;
3263;2019-09-27
3264;2019-10-29
3265;2015-04-23
3266;2019-09-27
3267;2019-10-03
3268;2019-06-28
3269;2019-04-10
3270;2019-06-17
3271;2019-10-03
3272;2019-01-14
3273;2015-04-23
3274;
3275;2019-10-08
3276;2017-10-11
3277;2019-10-14
3278;2019-12-03
3279;2019-04-10
3280;2019-09-25
3281;2019-08-21
3282;2019-10-15
3283;2016-05-23
3284;2016-11-23
3285;
3286;2019-06-14
3287;2015-05-05
3288;2015-05-05
3289;2016-03-01
3290;
3291;2018-05-07
3292;2015-10-19
3293;2019-06-28
3294;2019-05-06
3295;2019-10-29
3296;2019-09-06
3297;2017-09-01
3298;2018-03-02
3299;2019-08-30
3300;2015-11-27
3301;2019-01-14
3302;2019-03-22
3303;2016-03-31
3304;2016-08-05
3305;2019-01-14
3306;
3307;
3308;
3309;2019-10-25
3310;2016-05-19
3311;2019-08-13
3312;2019-09-24
3313;2019-12-12
3314;2017-02-17
3315;
3316;2019-02-07
3317;2019-08-04
3318;2019-06-18
3319;2019-09-30
3320;2019-10-29
3321;2018-10-10
3322;2019-11-13
3323;2019-06-05
3324;2019-02-18
3325;2019-11-06
3326;2015-08-12
3327;2019-10-14
3328;2019-10-02
3329;2019-09-10
3330;2015-07-08
3331;2019-10-13
3332;2019-01-14
3333;2019-10-14
3334;2016-10-31
3335;2019-02-26
3336;2019-12-09
3337;2018-10-16
3338;2019-12-03
3339;2018-10-19
3340;2018-10-19
3341;2019-01-14
3342;2019-01-14
3343;2019-09-22
3344;2019-04-02
3345;2015-09-02
3346;2019-07-30
3347;2015-08-24
3348;2018-10-23
3349;2015-08-25
3350;2018-12-07
3351;2015-10-28
3352;2018-08-01
3353;2019-11-04
3354;2019-07-16
3355;2019-06-25
3356;2019-06-11
3357;2015-09-08
3358;2019-09-26
3359;2019-10-07
3360;2017-04-06
3361;2018-10-11
3362;2019-07-14
3363;2019-07-16
3364;
3365;2018-10-29
3366;
3367;2019-07-30
3368;2019-08-05
3369;2018-10-16
3370;2019-12-02
3371;2019-12-13
3372;2019-08-12
3373;2019-08-05
3374;2019-07-02
3375;2015-09-21
3376;2019-10-21
3377;2019-09-13
3378;
3379;2016-05-26
3380;2019-10-15
3381;2019-10-07
3382;2015-10-21
3383;2017-11-16
3384;2019-11-05
3385;2018-08-28
3386;2019-08-14
3387;2019-08-23
3388;2018-02-21
3389;2015-10-13
3390;2019-01-25
3391;2019-08-22
3392;2019-10-23
3393;2019-08-12
3394;
3395;2019-12-13
3396;2015-10-15
3397;
3398;2019-07-09
3399;2018-12-19
3400;2019-10-16
3401;2015-10-16
3402;2019-08-29
3403;2019-06-25
3404;2019-12-05
3405;2019-09-06
3406;2019-10-16
3407;2018-03-05
3408;2019-01-14
3409;2019-10-04
3410;2019-06-11
3411;2015-10-21
3412;2017-02-20
3413;2018-07-23
3414;2018-06-20
3415;2017-02-16
3416;2019-08-12
3417;2017-03-07
3418;
3419;2019-01-15
3420;
3421;2019-10-15
3422;2019-10-02
3423;2017-04-25
3424;2015-11-10
3425;2015-11-13
3426;2015-11-10
3427;2015-11-10
3428;2015-11-19
3429;2019-07-31
3430;2018-06-28
3431;2016-04-22
3432;2019-09-19
3433;2019-06-18
3434;2019-08-07
3435;2019-08-12
3436;2015-11-18
3437;2019-10-23
3438;2017-02-20
3439;2019-12-05
3440;
3441;2019-01-14
3442;2015-12-11
3443;2015-12-11
3444;2019-10-16
3445;
3446;2015-12-01
3447;2017-02-20
3448;2018-10-17
3449;2019-10-04
3450;2017-12-04
3451;2017-02-20
3452;2019-11-28
3453;2019-12-10
3454;
3455;2019-12-02
3456;
3457;2015-12-18
3458;2017-10-19
3459;
3460;2019-05-06
3461;2019-11-27
3462;2019-10-23
3463;2019-08-20
3464;2019-05-22
3465;2019-11-06
3466;2019-04-28
3467;2019-11-19
3468;2019-10-02
3469;2016-01-25
3470;
3471;2019-10-03
3472;2019-11-19
3473;2019-08-06
3474;2019-01-31
3475;2019-03-13
3476;2019-05-07
3477;2018-01-23
3478;2019-02-19
3479;2019-10-14
3480;2019-01-08
3481;2019-11-13
3482;2019-01-14
3483;2016-01-28
3484;2019-11-26
3485;2019-11-15
3486;2019-08-29
3487;2019-08-19
3488;2019-01-14
3489;
3490;2019-10-16
3491;2019-10-07
3492;
3493;2016-05-17
3494;2016-02-18
3495;2019-10-15
3496;2016-02-18
3497;2019-10-25
3498;2016-02-18
3499;2019-12-03
3500;2019-11-26
3501;2019-09-30
3502;2017-02-20
3503;2019-06-28
3504;2019-12-02
3505;2019-08-29
3506;2019-10-03
3507;2018-10-31
3508;2018-04-30
3509;2017-06-19
3510;2017-02-16
3511;2016-03-07
3512;
3513;2018-09-19
3514;2016-05-02
3515;2019-10-07
3516;2019-04-12
3517;2016-11-04
3518;2019-08-26
3519;2016-03-22
3520;
3521;2019-06-03
3522;2018-07-19
3523;2016-03-17
3524;2019-01-14
3525;2016-09-28
3526;2019-10-31
3527;2019-09-16
3528;2019-07-09
3529;
3530;2016-03-30
3531;2019-11-12
3532;2019-01-15
3533;2017-06-19
3534;
3535;2017-10-13
3536;2019-11-01
3537;2017-08-01
3538;2019-09-26
3539;2016-03-31
3540;2016-04-05
3541;2018-09-18
3542;2019-10-11
3543;2018-04-21
3544;2019-11-07
3545;2018-01-15
3546;2017-04-19
3547;2019-06-10
3548;2019-12-12
3549;2017-02-20
3550;2019-04-09
3551;2017-04-20
3552;2019-12-12
3553;2017-10-24
3554;
3555;2019-03-20
3556;2018-03-27
3557;2017-03-27
3558;2016-04-18
3559;2019-09-09
3560;2017-04-25
3561;2018-10-29
3562;2018-10-29
3563;2018-11-05
3564;2019-01-30
3565;2016-04-21
3566;2018-03-27
3567;2019-04-05
3568;
3569;2016-10-23
3570;2018-11-16
3571;2019-03-14
3572;2019-01-14
3573;2016-05-02
3574;2016-05-02
3575;2017-03-20
3576;2016-11-10
3577;2019-06-13
3578;2019-01-14
3579;2016-05-11
3580;2017-07-13
3581;2016-07-07
3582;2016-07-25
3583;2019-11-04
3584;2019-12-04
3585;2019-03-15
3586;2019-03-12
3587;2016-05-31
3588;2019-01-28
3589;2018-05-30
3590;
3591;2019-07-17
3592;2019-06-24
3593;2016-07-07
3594;2019-10-30
3595;2019-11-06
3596;2019-08-29
3597;2019-09-02
3598;2019-10-16
3599;2019-06-05
3600;2017-10-09
3601;2019-08-14
3602;
3603;2019-01-14
3604;2016-06-20
3605;2019-01-16
3606;2019-10-10
3607;2019-08-13
3608;2016-07-07
3609;2017-09-11
3610;2019-08-09
3611;2019-08-15
3612;2019-06-25
3613;2019-10-28
3614;2019-07-11
3615;2019-07-24
3616;2019-08-26
3617;2019-10-07
3618;2018-11-09
3619;2019-11-21
3620;2017-10-02
3621;2017-12-25
3622;2016-08-11
3623;2018-11-21
3624;2019-03-19
3625;2016-08-16
3626;2017-09-18
3627;2016-08-23
3628;2018-01-22
3629;2019-05-08
3630;2019-12-03
3631;
3632;2019-11-21
3633;2019-11-29
3634;2019-09-24
3635;2019-08-06
3636;2019-12-06
3637;2019-10-04
3638;2017-02-20
3639;2019-08-29
3640;2019-10-14
3641;2019-02-21
3642;
3643;2019-09-26
3644;2018-12-27
3645;2016-09-16
3646;2019-04-08
3647;2016-11-04
3648;2019-08-07
3649;2019-12-11
3650;2019-10-22
3651;2019-11-21
3652;2019-08-08
3653;2017-11-27
3654;2019-11-13
3655;2019-10-21
3656;2019-09-19
3657;2019-10-11
3658;2016-10-03
3659;2019-12-11
3660;2017-02-20
3661;2019-10-31
3662;2017-02-06
3663;2019-09-09
3664;2019-07-15
3665;
3666;
3667;2019-05-20
3668;2018-09-20
3669;2019-09-09
3670;
3671;2019-05-15
3672;2019-08-30
3673;2019-04-04
3674;2019-10-14
3675;2019-12-09
3676;
3677;2019-08-30
3678;2019-01-14
3679;2019-09-29
3680;2019-10-17
3681;2017-02-23
3682;2018-05-08
3683;2019-02-27
3684;2017-11-02
3685;2019-05-17
3686;2019-09-07
3687;2017-09-28
3688;2017-02-20
3689;2016-11-17
3690;2019-10-20
3691;2019-01-14
3692;2019-06-17
3693;2018-08-13
3694;2017-11-12
3695;2018-11-20
3696;2019-11-05
3697;2016-11-28
3698;2019-12-12
3699;2017-10-24
3700;2019-12-15
3701;2019-12-04
3702;2019-12-06
3703;2019-12-06
3704;2019-10-31
3705;2019-08-29
3706;2019-07-02
3707;2019-10-09
3708;2018-06-29
3709;2019-09-30
3710;2019-11-20
3711;2019-11-29
3712;2019-09-11
3713;2019-09-05
3714;2016-12-16
3715;2017-01-02
3716;
3717;
3718;
3719;2017-01-10
3720;2019-06-11
3721;2019-12-18
3722;2019-06-19
3723;2019-06-07
3724;2019-01-14
3725;2019-10-07
3726;
3727;2018-10-15
3728;2017-01-22
3729;2017-01-26
3730;2019-11-28
3731;2018-10-23
3732;2019-08-29
3733;2017-01-22
3734;2017-01-22
3735;2017-01-22
3736;2019-08-27
3737;2017-07-12
3738;2019-12-01
3739;2019-11-18
3740;2017-01-23
3741;2017-01-23
3742;2019-07-12
3743;2019-07-29
3744;
3745;2019-08-16
3746;2019-08-29
3747;2017-01-24
3748;2017-01-24
3749;2019-11-11
3750;2019-01-14
3751;2017-01-24
3752;2019-12-12
3753;2018-11-20
3754;2017-11-09
3755;2019-08-26
3756;2018-07-11
3757;2019-08-12
3758;2017-01-26
3759;2019-12-13
3760;2017-01-31
3761;2019-12-17
3762;2019-09-26
3763;2019-08-22
3764;2017-03-27
3765;2017-02-02
3766;2019-11-04
3767;2019-12-16
3768;2019-01-11
3769;2017-02-09
3770;2018-01-24
3771;2017-10-03
3772;2019-09-24
3773;2019-12-04
3774;2019-11-01
3775;2019-08-07
3776;2019-10-22
3777;2019-07-19
3778;2019-01-28
3779;2018-05-21
3780;2019-01-14
3781;2019-11-20
3782;2017-02-24
3783;2018-04-07
3784;2019-10-30
3785;2019-09-20
3786;2018-11-27
3787;2019-09-24
3788;2019-05-14
3789;2018-10-17
3790;2017-03-03
3791;2018-09-11
3792;2019-12-17
3793;2017-03-09
3794;2019-12-11
3795;2019-01-28
3796;2017-03-16
3797;2017-11-16
3798;2019-06-10
3799;2018-04-19
3800;2019-09-11
3801;2019-10-31
3802;2019-10-31
3803;2019-11-27
3804;2019-12-09
3805;2019-10-31
3806;2019-11-20
3807;2019-12-02
3808;2019-10-31
3809;2019-10-31
3810;2019-10-31
3811;2019-10-31
3812;2019-12-12
3813;2019-10-31
3814;2019-10-31
3815;2019-11-01
3816;2019-10-31
3817;2019-10-31
3818;2019-10-31
3819;2019-11-06
3820;2019-12-11
3821;2019-01-14
3822;2019-01-15
3823;2019-01-15
3824;2019-10-09
3825;2019-04-05
3826;2017-03-29
3827;2018-08-28
3828;2017-04-04
3829;2018-10-26
3830;2019-01-14
3831;2018-06-29
3832;2019-12-12
3833;2019-06-04
3834;2019-10-18
3835;2018-04-09
3836;2017-04-13
3837;2018-05-30
3838;2019-10-03
3839;2019-12-02
3840;2019-11-08
3841;2019-05-21
3842;2019-07-30
3843;2017-04-19
3844;2019-02-27
3845;2019-12-17
3846;2019-05-20
3847;2018-11-09
3848;2019-03-06
3849;2019-10-25
3850;2017-04-26
3851;2019-01-15
3852;2019-04-29
3853;2019-10-28
3854;2017-04-27
3855;2019-09-30
3856;2019-10-21
3857;2019-12-03
3858;2018-12-19
3859;2019-10-24
3860;2019-08-13
3861;2019-04-18
3862;2019-09-09
3863;2019-11-25
3864;2019-09-06
3865;2019-11-18
3866;2019-12-02
3867;2017-07-12
3868;2019-09-25
3869;2019-04-03
3870;2019-11-18
3871;2019-11-14
3872;2017-05-15
3873;2019-06-13
3874;2018-05-18
3875;2019-08-01
3876;2017-07-26
3877;2019-10-14
3878;2019-10-02
3879;2019-01-15
3880;2019-11-14
3881;2019-07-30
3882;2019-03-24
3883;2019-11-08
3884;2018-11-12
3885;2019-11-21
3886;2019-04-25
3887;2019-11-06
3888;2018-01-03
3889;2019-11-13
3890;2019-10-28
3891;2019-03-06
3892;2018-10-16
3893;2019-08-23
3894;2019-10-18
3895;2017-07-01
3896;2019-10-01
3897;2018-03-09
3898;2017-11-21
3899;2018-12-03
3900;2017-07-25
3901;2017-08-07
3902;2019-12-18
3903;2017-08-08
3904;
3905;2018-05-15
3906;2019-12-16
3907;2019-12-17
3908;2019-11-05
3909;2019-01-28
3910;2019-08-15
3911;2019-08-14
3912;2019-08-25
3913;2017-08-23
3914;2019-11-12
3915;
3916;2019-12-04
3917;2019-09-23
3918;2019-07-03
3919;2018-04-09
3920;2017-09-01
3921;2019-05-23
3922;2019-10-16
3923;2019-10-21
3924;2019-09-17
3925;2019-10-15
3926;2019-08-20
3927;2019-12-18
3928;2019-11-24
3929;2019-08-30
3930;2018-06-20
3931;2019-05-09
3932;2019-11-05
3933;2017-09-18
3934;2017-12-11
3935;2019-06-07
3936;2019-11-07
3937;2019-11-25
3938;2018-10-29
3939;2019-07-17
3940;2017-09-18
3941;2019-10-23
3942;2019-10-02
3943;2019-08-09
3944;2017-09-27
3945;2019-10-22
3946;2017-10-05
3947;2018-10-22
3948;2019-11-04
3949;2019-08-09
3950;2018-10-16
3951;2019-08-12
3952;2019-01-14
3953;2019-03-14
3954;2019-05-08
3955;2019-10-07
3956;2019-07-31
3957;2019-11-13
3958;2019-11-27
3959;2017-10-05
3960;2019-12-06
3961;2017-10-14
3962;2017-10-11
3963;2019-02-11
3964;2019-08-16
3965;2019-06-26
3966;2018-11-12
3967;2019-08-13
3968;2017-11-03
3969;2019-04-15
3970;2017-10-16
3971;2019-08-30
3972;2019-08-05
3973;2019-09-11
3974;2018-11-16
3975;2018-10-15
3976;2019-10-21
3977;2018-10-18
3978;2019-09-11
3979;2018-10-15
3980;2019-10-07
3981;2019-12-02
3982;2018-07-05
3983;2019-10-28
3984;2019-10-04
3985;2019-10-10
3986;2018-09-27
3987;2017-10-31
3988;2018-03-21
3989;2017-11-03
3990;2017-11-08
3991;2019-01-28
3992;2019-10-31
3993;2019-05-27
3994;2019-04-15
3995;2019-08-06
3996;2017-11-08
3997;2017-11-10
3998;2019-01-10
3999;2019-03-22
4000;
4001;2019-08-12
4002;2019-02-25
4003;2019-08-29
4004;2019-11-13
4005;2019-12-09
4006;2019-11-29
4007;2017-11-21
4008;2019-10-28
4009;2019-12-11
4010;2019-09-27
4011;2019-12-15
4012;2019-09-18
4013;2017-12-11
4014;2017-12-11
4015;2019-08-14
4016;2018-10-18
4017;2019-09-19
4018;2019-11-08
4019;2017-12-27
4020;2017-12-20
4021;2017-12-22
4022;2019-06-30
4023;2019-06-26
4024;2019-11-04
4025;
4026;2019-01-11
4027;2019-03-05
4028;2019-04-30
4029;2018-09-12
4030;2018-01-12
4031;2019-10-25
4032;2018-03-06
4033;2018-06-04
4034;2019-12-12
4035;2019-08-29
4036;2019-01-25
4037;2019-06-18
4038;2019-12-09
4039;2018-02-06
4040;2019-07-30
4041;2019-11-12
4042;2019-08-13
4043;2019-11-07
4044;2019-03-18
4045;2018-02-15
4046;2019-11-15
4047;2019-04-15
4048;2019-10-14
4049;2018-02-25
4050;2019-09-17
4051;2019-10-31
4052;2019-08-19
4053;2018-10-31
4054;2019-09-27
4055;2019-08-12
4056;2019-08-08
4057;2019-10-21
4058;
4059;2019-11-01
4060;2018-03-13
4061;2018-05-26
4062;2018-07-09
4063;2019-08-30
4064;2019-05-29
4065;2019-10-14
4066;
4067;2019-01-14
4068;2019-05-20
4069;2019-10-21
4070;2019-08-06
4071;2019-09-03
4072;2019-08-21
4073;2019-02-01
4074;2018-06-18
4075;2019-10-21
4076;2019-12-09
4077;2019-11-08
4078;2018-03-29
4079;2019-07-03
4080;2019-11-06
4081;2019-08-26
4082;2019-11-07
4083;2019-05-22
4084;2019-09-16
4085;
4086;2019-12-17
4087;2019-11-25
4088;2019-10-30
4089;2018-04-10
4090;2018-10-24
4091;2018-07-23
4092;2019-08-19
4093;2019-06-05
4094;2019-10-04
4095;2019-10-24
4096;2019-12-05
4097;2018-04-26
4098;2019-08-07
4099;2019-10-15
4100;2018-05-04
4101;2019-11-28
4102;2019-10-01
4103;2019-09-09
4104;2018-05-04
4105;2019-12-11
4106;2019-01-14
4107;2019-11-15
4108;2019-04-17
4109;2018-07-04
4110;2019-12-13
4111;2019-10-14
4112;2018-08-20
4113;2018-05-30
4114;2018-05-25
4115;2018-10-16
4116;2019-08-30
4117;2019-04-30
4118;2018-06-08
4119;2019-11-24
4120;2019-08-12
4121;2019-08-26
4122;2019-08-20
4123;2019-09-10
4124;2019-10-10
4125;2019-06-19
4126;2019-09-19
4127;2018-06-14
4128;2019-06-25
4129;2019-07-17
4130;2019-05-15
4131;2018-06-25
4132;2019-10-28
4133;2019-10-15
4134;2018-08-17
4135;2019-09-04
4136;2019-09-23
4137;2019-03-19
4138;2018-10-16
4139;2019-10-25
4140;2019-08-15
4141;2018-07-17
4142;2019-05-27
4143;2019-10-07
4144;2019-08-12
4145;2019-10-15
4146;2019-10-11
4147;2019-09-13
4148;2018-07-30
4149;2018-08-02
4150;2018-10-16
4151;2019-12-17
4152;2018-10-16
4153;2019-06-11
4154;2018-11-30
4155;2019-06-26
4156;2019-08-09
4157;
4158;2019-07-09
4159;2019-06-24
4160;2019-12-10
4161;2019-07-17
4162;2019-04-30
4163;2019-10-09
4164;2019-09-04
4165;2019-05-16
4166;2019-12-10
4167;2019-07-31
4168;2019-04-12
4169;2019-01-14
4170;2019-12-03
4171;2019-10-17
4172;2019-08-29
4173;2019-12-05
4174;2019-10-21
4175;2019-10-27
4176;2019-01-25
4177;2019-08-19
4178;2019-06-27
4179;2018-10-02
4180;2019-08-28
4181;2018-11-27
4182;2018-09-17
4183;2019-11-21
4184;2018-09-17
4185;2019-09-26
4186;2018-10-16
4187;2019-08-12
4188;2018-09-20
4189;2019-01-10
4190;2019-02-18
4191;2019-01-14
4192;2019-06-19
4193;2019-04-09
4194;2019-05-15
4195;2019-09-19
4196;2019-12-10
4197;2019-10-29
4198;2018-10-23
4199;2019-07-03
4200;2019-11-04
4201;2019-03-23
4202;2019-05-20
4203;2019-12-03
4204;2018-10-05
4205;2019-11-11
4206;2019-09-30
4207;2019-10-15
4208;2019-01-14
4209;2019-01-03
4210;2018-10-16
4211;2019-01-23
4212;2019-08-29
4213;2019-12-02
4214;2019-10-07
4215;2019-12-17
4216;
4217;2019-12-03
4218;2019-12-13
4219;2018-10-29
4220;2019-10-04
4221;2019-08-07
4222;2019-11-20
4223;2018-11-14
4224;2018-10-18
4225;2018-10-18
4226;2018-10-29
4227;2019-11-04
4228;2019-09-16
4229;
4230;2019-08-09
4231;2019-08-13
4232;2019-08-12
4233;2018-10-24
4234;2019-09-25
4235;2019-08-07
4236;2018-11-23
4237;2019-11-07
4238;2019-12-11
4239;2019-09-23
4240;2018-10-30
4241;2019-11-17
4242;2018-10-30
4243;2018-10-31
4244;2019-06-10
4245;2019-10-16
4246;2019-10-11
4247;2019-12-11
4248;2019-10-17
4249;2018-11-05
4250;2019-08-21
4251;2019-11-14
4252;2018-11-05
4253;2019-02-06
4254;2018-11-13
4255;2019-10-15
4256;2019-10-09
4257;2019-04-24
4258;2018-11-13
4259;2019-03-08
4260;2019-08-19
4261;2019-12-10
4262;2018-11-15
4263;2019-08-29
4264;2019-11-12
4265;2018-11-19
4266;2019-10-24
4267;2019-11-18
4268;2019-12-04
4269;2019-10-09
4270;2018-11-26
4271;2019-12-18
4272;2019-11-06
4273;2019-10-22
4274;2019-01-14
4275;2019-08-28
4276;2019-10-16
4277;2019-10-07
4278;2018-12-04
4279;2019-04-24
4280;2019-11-04
4281;2018-12-06
4282;2018-12-10
4283;2019-04-24
4284;2019-10-30
4285;2019-08-12
4286;2019-01-14
4287;2019-10-12
4288;2019-11-26
4289;2019-05-27
4290;2019-09-13
4291;2019-01-07
4292;2019-10-22
4293;2019-11-01
4294;2019-05-17
4295;2019-12-11
4296;2019-02-04
4297;2019-11-06
4298;2019-10-23
4299;2019-11-29
4300;2019-01-25
4301;
4302;2019-12-02
4303;2019-11-13
4304;2019-04-24
4305;2019-11-29
4306;2019-01-29
4307;2019-04-10
4308;2019-03-28
4309;2019-01-29
4310;2019-01-29
4311;2019-10-31
4312;2019-01-29
4313;2019-11-26
4314;2019-01-29
4315;2019-10-29
4316;2019-09-24
4317;2019-12-17
4318;2019-12-02
4319;2019-02-11
4320;2019-02-11
4321;2019-08-09
4322;2019-04-11
4323;2019-02-19
4324;2019-04-24
4325;2019-03-25
4326;2019-06-26
4327;2019-09-30
4328;2019-11-14
4329;2019-03-04
4330;2019-07-03
4331;2019-08-13
4332;2019-03-18
4333;2019-12-11
4334;2019-12-13
4335;2019-10-09
4336;2019-10-21
4337;2019-09-30
4338;2019-03-13
4339;2019-03-13
4340;2019-09-09
4341;2019-07-04
4342;
4343;2019-03-13
4344;2019-03-13
4345;2019-10-09
4346;2019-03-13
4347;2019-09-10
4348;2019-10-17
4349;2019-07-25
4350;2019-10-15
4351;2019-11-07
4352;2019-11-08
4353;2019-10-23
4354;2019-08-14
4355;2019-05-02
4356;2019-09-30
4357;2019-10-02
4358;2019-10-15
4359;2019-03-28
4360;2019-10-16
4361;2019-04-22
4362;2019-03-28
4363;2019-05-14
4364;2019-03-28
4365;2019-09-10
4366;2019-03-28
4367;2019-03-28
4368;2019-03-28
4369;2019-05-09
4370;2019-07-09
4371;2019-04-29
4372;2019-08-14
4373;2019-11-15
4374;2019-10-04
4375;2019-06-17
4376;2019-10-09
4377;2019-12-02
4378;2019-08-20
4379;2019-10-21
4380;2019-04-29
4381;2019-12-11
4382;2019-11-15
4383;2019-12-11
4384;2019-10-01
4385;2019-07-19
4386;2019-12-03
4387;2019-04-29
4388;2019-11-04
4389;2019-04-29
4390;2019-04-29
4391;2019-05-21
4392;2019-12-11
4393;2019-08-13
4394;2019-12-18
4395;2019-10-18
4396;2019-07-05
4397;2019-09-02
4398;2019-10-17
4399;2019-05-15
4400;2019-04-29
4401;2019-06-26
4402;2019-07-30
4403;
4404;2019-05-10
4405;2019-10-17
4406;2019-11-05
4407;2019-11-27
4408;2019-05-10
4409;2019-10-23
4410;2019-10-08
4411;2019-10-28
4412;2019-09-03
4413;2019-10-10
4414;2019-05-10
4415;2019-06-10
4416;2019-05-10
4417;2019-05-10
4418;2019-05-10
4419;2019-10-21
4420;2019-09-26
4421;2019-10-08
4422;2019-05-13
4423;2019-09-26
4424;2019-10-24
4425;2019-05-17
4426;2019-05-21
4427;2019-12-11
4428;2019-09-12
4429;2019-05-22
4430;2019-06-04
4431;2019-05-27
4432;2019-05-29
4433;2019-06-03
4434;2019-06-03
4435;2019-12-17
4436;2019-09-18
4437;2019-08-12
4438;2019-11-22
4439;2019-06-14
4440;2019-09-12
4441;2019-06-17
4442;2019-07-02
4443;
4444;
4445;2019-09-10
4446;2019-06-24
4447;2019-08-29
4448;2019-10-21
4449;2019-08-12
4450;2019-10-29
4451;2019-09-23
4452;2019-09-10
4453;2019-07-04
4454;2019-08-05
4455;2019-07-04
4456;2019-11-04
4457;2019-08-07
4458;2019-09-17
4459;2019-10-10
4460;2019-08-06
4461;2019-09-13
4462;2019-09-24
4463;2019-10-15
4464;2019-10-25
4465;2019-08-05
4466;2019-08-05
4467;2019-08-12
4468;2019-10-23
4469;2019-08-06
4470;2019-11-07
4471;2019-10-18
4472;2019-08-05
4473;2019-08-05
4474;2019-09-23
4475;2019-10-16
4476;2019-12-03
4477;2019-08-29
4478;2019-08-29
4479;2019-08-19
4480;2019-09-26
4481;2019-10-03
4482;2019-09-22
4483;2019-10-30
4484;2019-08-26
4485;2019-10-10
4486;2019-11-04
4487;2019-10-25
4488;2019-08-20
4489;
4490;2019-08-20
4491;2019-08-26
4492;2019-10-14
4493;2019-11-01
4494;2019-10-08
4495;2019-12-02
4496;2019-09-25
4497;2019-09-05
4498;2019-11-04
4499;2019-09-20
4500;2019-09-16
4501;2019-09-04
4502;2019-09-16
4503;2019-10-14
4504;2019-09-27
4505;2019-09-16
4506;2019-09-09
4507;2019-09-16
4508;2019-09-13
4509;2019-09-15
4510;2019-10-24
4511;2019-12-03
4512;2019-10-14
4513;2019-09-16
4514;2019-10-01
4515;2019-10-17
4516;2019-11-13
4517;2019-12-16
4518;2019-09-19
4519;2019-09-20
4520;2019-10-15
4521;2019-11-19
4522;2019-09-23
4523;2019-11-05
4524;2019-09-23
4525;2019-11-04
4526;2019-11-05
4527;2019-11-25
4528;2019-09-27
4529;2019-10-18
4530;2019-11-26
4531;2019-10-07
4532;2019-10-02
4533;2019-10-31
4534;2019-10-14
4535;2019-10-03
4536;2019-10-31
4537;2019-12-05
4538;2019-11-29
4539;2019-10-11
4540;2019-10-08
4541;2019-11-04
4542;2019-11-07
4543;2019-10-24
4544;2019-10-15
4545;2019-12-16
4546;2019-11-07
4547;2019-10-10
4548;2019-10-10
4549;2019-10-11
4550;2019-10-10
4551;2019-10-16
4552;2019-10-11
4553;2019-10-16
4554;2019-11-04
4555;2019-10-23
4556;
4557;2019-10-23
4558;2019-10-18
4559;2019-10-18
4560;2019-10-23
4561;2019-12-18
4562;2019-10-28
4563;2019-10-29
4564;2019-11-05
4565;2019-10-29
4566;2019-11-14
4567;2019-12-12
4568;2019-11-25
4569;2019-10-30
4570;2019-10-30
4571;2019-11-04
4572;2019-11-12
4573;2019-11-04
4574;2019-11-19
4575;2019-11-04
4576;2019-11-11
4577;2019-12-03
4578;2019-11-12
4579;2019-11-08
4580;2019-11-12
4581;2019-11-13
4582;2019-12-02
4583;2019-11-18
4584;2019-11-18
4585;2019-11-25
4586;2019-12-12
4587;2019-12-08
4588;2019-12-12
4589;2019-12-12
4590;2019-12-02
4591;2019-12-16
4592;2019-12-04
4593;2019-12-04
4594;2019-12-04
4595;2019-12-06
4596;2019-12-09
4597;2019-12-13
4598;2019-12-10
4599;2019-12-13
4600;2019-12-11
4601;
4602;2019-12-13
4603;2019-12-17
4604;
4605;
